{"extensionType":"field_faas","i18nMap":{"zh-CN":{"szrfwkey":"数字人服务key","keyHolder":"请联系：15623339073 获取subkey","noMatchId":"无效的数字演员ID，请联系对接人获取","szryyid":"数字演员","spzt":"视频主题","kbwa":"口播文案","cpt":"产品图"},"en-US":{"szrfwkey":"Digital Human Service Key","keyHolder":"Please contact: 15623339073 to obtain the subkey","undefinedId":"Invalid Digital Actor ID, please contact the connector to obtain","szryyid":"Digital Actor ID","spzt":"Video Theme","kbwa":"Script","cpt":"Product Image"},"ja-JP":{"szrfwkey":"デジタルヒューマンサービスキー","keyHolder":"接続者に連絡してsubkeyを取得してください：15623339073","undefinedId":"無効なデジタルアクターID、接続者に連絡して取得してください","szryyid":"デジタルアクターID","spzt":"ビデオテーマ","kbwa":"スクリプト","cpt":"製品画像"}},"fields":[{"fieldType":1,"uiSchema":{"fieldsConfigEditor":{"component":"OpenFieldMetaEditor","props":{"schema":{"items":[{"key":"subKey","label":"${{szrfwkey}}","component":"Text","props":{"placeholder":"${{keyHolder}}"},"validator":{"required":true}},{"key":"vhBizId","label":"${{szryyid}}","component":"SingleSelect","props":{"options":[{"value":"VHPUBJB6TBUCMUE","label":"张淑芬-大健康博主"},{"value":"VHP3HOLVRPL9QYR","label":"静怡-女主播"},{"value":"VHPWHEUD6XTHZ5J","label":"文泽-科技产品种草"},{"value":"VHPHTWFSQSGASD4","label":"冰冰-快消博主"},{"value":"VHPAPKRSKCGGCBU","label":"思悦-课程顾问"},{"value":"VHPHBRWKCZ2EDRS","label":"安娜-外语"},{"value":"VHPPKQW5VLGEQ6Q","label":"程也-美业博主"},{"value":"VHPRDCRU619GBNC","label":"黎舒-护士"},{"value":"VHPRTSSPRX2UZNQ","label":"李白-古代名人"},{"value":"VHPD1KKPLNOJCF8","label":"可怡-带货女主播"}]},"validator":{"required":true}},{"key":"topic","label":"${{spzt}}","component":"FieldSelect","props":{"supportType":[1]},"validator":{"required":true}},{"key":"content","label":"${{kbwa}}","component":"FieldSelect","props":{"supportType":[1]},"validator":{"required":false}},{"key":"imageUrl","label":"${{cpt}}","component":"FieldSelect","props":{"supportType":[17]},"validator":{"required":false}}]}}}},"presetFieldConfig":{"fieldProperty":{"propertyType":1,"properties":[]},"externalEditorConfig":{}},"disableAutoUpdate":false}]}